INSERT INTO users (userid, username, password, firstname, lastname, email, type) VALUES (1, 'admin', 'admin', 'Endava', 'ITS', 'its@endava.com', 0);
INSERT INTO users (userid, username, password, firstname, lastname, email, type) VALUES (2, 'john', 'doe', 'John', 'Doe', 'john.doe@visa.eu', 1);


INSERT INTO categories (categoryid, categoryname) VALUES (1, 'Databases');
INSERT INTO categories (categoryid, categoryname) VALUES (2, 'Application Servers');
INSERT INTO categories (categoryid, categoryname) VALUES (3, 'Operating systems');
INSERT INTO categories (categoryid, categoryname) VALUES (4, 'Trainings');
INSERT INTO categories (categoryid, categoryname) VALUES (5, 'Employee role');

INSERT INTO images (imageid, categoryid, imagename, imagedescription, imageLogo) VALUES (1, 1, 'MySQL', 'Dummy description', 'https://www.mysql.com/common/logos/logo-mysql-110x57.png');
INSERT INTO images (imageid, categoryid, imagename, imagedescription, imageLogo) VALUES (2, 1, 'MongoDB', 'Dummy description', 'https://www.mysql.com/common/logos/logo-mysql-110x57.png');
INSERT INTO images (imageid, categoryid, imagename, imagedescription, imageLogo) VALUES (3, 1, 'Postgres', 'Dummy description', 'https://www.mysql.com/common/logos/logo-mysql-110x57.png');
INSERT INTO images (imageid, categoryid, imagename, imagedescription, imageLogo) VALUES (4, 3, 'Ubuntu', 'Dummy description', 'https://www.mysql.com/common/logos/logo-mysql-110x57.png');
INSERT INTO images (imageid, categoryid, imagename, imagedescription, imageLogo) VALUES (5, 3, 'Fedora', 'Dummy description', 'https://www.mysql.com/common/logos/logo-mysql-110x57.png');
INSERT INTO images (imageid, categoryid, imagename, imagedescription, imageLogo) VALUES (6, 3, 'Debian', 'Dummy description', 'https://www.mysql.com/common/logos/logo-mysql-110x57.png');
INSERT INTO images (imageid, categoryid, imagename, imagedescription, imageLogo) VALUES (7, 3, 'CentOS', 'Dummy description', 'https://www.mysql.com/common/logos/logo-mysql-110x57.png');
INSERT INTO images (imageid, categoryid, imagename, imagedescription, imageLogo) VALUES (8, 2, 'Django', 'Dummy description', 'https://www.mysql.com/common/logos/logo-mysql-110x57.png');
INSERT INTO images (imageid, categoryid, imagename, imagedescription, imageLogo) VALUES (9, 2, 'Tomcat', 'Dummy description', 'https://www.mysql.com/common/logos/logo-mysql-110x57.png');
INSERT INTO images (imageid, categoryid, imagename, imagedescription, imageLogo) VALUES (10, 2, 'Bamboo server', 'Dummy description', 'https://www.mysql.com/common/logos/logo-mysql-110x57.png');
INSERT INTO images (imageid, categoryid, imagename, imagedescription, imageLogo) VALUES (11, 2, 'Jetty', 'Dummy description', 'https://www.mysql.com/common/logos/logo-mysql-110x57.png');
INSERT INTO images (imageid, categoryid, imagename, imagedescription, imageLogo) VALUES (12, 2, 'Chef-Server', 'Dummy description', 'https://www.mysql.com/common/logos/logo-mysql-110x57.png');
INSERT INTO images (imageid, categoryid, imagename, imagedescription, imageLogo) VALUES (13, 2, 'Php MyAdmin', 'Dummy description', 'https://www.mysql.com/common/logos/logo-mysql-110x57.png');
INSERT INTO images (imageid, categoryid, imagename, imagedescription, imageLogo) VALUES (14, 2, 'Websphere Liberty', 'Dummy description', 'https://www.mysql.com/common/logos/logo-mysql-110x57.png');
INSERT INTO images (imageid, categoryid, imagename, imagedescription, imageLogo) VALUES (15, 4, 'Jenkins', 'Dummy description', 'https://www.mysql.com/common/logos/logo-mysql-110x57.png');
INSERT INTO images (imageid, categoryid, imagename, imagedescription, imageLogo) VALUES (16, 4, 'Sonar', 'Dummy description', 'https://www.mysql.com/common/logos/logo-mysql-110x57.png');
INSERT INTO images (imageid, categoryid, imagename, imagedescription, imageLogo) VALUES (17, 4, 'GIT', 'Dummy description', 'https://www.mysql.com/common/logos/logo-mysql-110x57.png');
INSERT INTO images (imageid, categoryid, imagename, imagedescription, imageLogo) VALUES (18, 5, 'Java developer', 'Dummy description', 'https://www.mysql.com/common/logos/logo-mysql-110x57.png');
INSERT INTO images (imageid, categoryid, imagename, imagedescription, imageLogo) VALUES (19, 5, 'Manual tester', 'Dummy description', 'https://www.mysql.com/common/logos/logo-mysql-110x57.png');
INSERT INTO images (imageid, categoryid, imagename, imagedescription, imageLogo) VALUES (20, 5, 'Automation tester', 'Dummy description', 'https://www.mysql.com/common/logos/logo-mysql-110x57.png');
